"archive ident","Total Score","metadataRecordID","ISO assetType","metadataContact","metadataDate","landingPage","title","publicationDate","author","publisher","abstract","resourceSupportContact","DataCite resourceType","legalConstraints","accessConstraints","resourceLanguage","| Tier 2 |","otherResponsibleParty/Custodian","otherResponsibleParty/Originator","otherResponsibleParty/ResourceProvider","credit","citationDate","scienceSupportContact/PI","keywords (tags)","keywords (GCMD )","keywordVocabulary","referenceSystem","spatialRepresentation","spatialResolution","ISO topicCategory","datasetExtent (Geolocation)","datasetExtentDescription","temporalCoverage","startDate","endDate","temporalResolution","verticalExtent","| Tier 3 |","relatedLinkIdentifier","relatedLinkName","relatedLinkType","relatedlinkDescription","alternateIdentifier","resourceVersion","progress","resourceFormat","softwareImplementationLanguage","additionalInformation","distributor","distributionFormat","assetSize","authorIdentifier","ORCID","| from Templates |","dataIdentification","metadataStandardName","metadataStandardVersion"
"10.5065/4xv0-fg55",26,1,1,1,1,1,1,1,1,1,1,1,1,1,1,1,0,0,0,1,0,1,0,1,1,1,0,0,0,0,0,1,0,0,0,0,0,0,0,0,0,0,0,0,0,1,0,0,0,0,0,1,1,0,1,1,1
"10.5065/7we1-8k84",26,1,1,1,1,1,1,1,1,1,1,1,1,1,1,1,0,0,0,1,0,1,0,1,1,1,0,0,0,0,0,1,0,0,0,0,0,0,0,0,0,0,0,0,0,1,0,0,0,0,0,1,1,0,1,1,1
"10.5065/9n3z-7x72",25,1,1,1,1,1,1,1,1,1,1,1,1,1,1,1,0,0,0,1,0,1,0,1,0,1,0,0,0,0,0,1,0,0,0,0,0,0,0,0,0,0,0,0,0,1,0,0,0,0,0,1,1,0,1,1,1
"10.5065/9zx1-jq74",25,1,1,1,1,1,1,1,1,1,1,1,1,1,1,1,0,0,0,1,0,1,0,1,0,1,0,0,0,0,0,1,0,0,0,0,0,0,0,0,0,0,0,0,0,1,0,0,0,0,0,1,1,0,1,1,1
"10.5065/b92r-gt40",25,1,1,1,1,1,1,1,1,1,1,1,1,1,1,1,0,0,0,1,0,1,0,1,0,1,0,0,0,0,0,1,0,0,0,0,0,0,0,0,0,0,0,0,0,1,0,0,0,0,0,1,1,0,1,1,1
"10.5065/d6wq0202",25,1,1,1,1,1,1,1,1,1,1,1,1,1,1,1,0,0,0,1,0,1,0,1,0,1,0,0,0,0,0,1,0,0,0,0,0,0,0,0,0,0,0,0,0,1,0,0,0,0,0,1,1,0,1,1,1
"1f325eee-0d1a-428a-b2f8-6e5eba3652d2",24,1,1,1,1,1,1,1,1,1,1,1,1,1,1,1,0,0,0,0,0,1,0,1,0,1,0,0,0,1,0,0,0,0,0,0,0,0,0,0,0,0,1,0,1,0,0,0,0,0,0,0,0,0,1,1,1
"c368a492-e50d-11e7-856e-b808cf016134",24,1,1,1,1,1,1,1,1,1,1,1,1,1,1,1,0,0,0,0,0,1,0,1,0,1,0,0,0,0,0,0,0,0,0,0,0,0,0,0,0,0,1,0,1,0,0,0,0,0,1,0,0,0,1,1,1
"ca38361d-3aaf-11e9-8f53-b808cf016134",39,1,1,1,1,1,1,1,1,1,1,1,1,1,1,1,0,0,0,1,0,1,1,1,1,1,0,1,1,0,1,1,1,1,1,0,0,0,1,1,1,1,0,0,1,1,0,0,0,1,1,0,0,0,1,1,1
"edu.ucar.cisl::cesm-lens-aws",38,1,1,1,1,1,1,1,1,1,1,1,1,1,1,1,0,0,0,0,0,1,0,1,1,1,0,1,1,0,1,1,1,1,1,0,0,0,1,1,1,1,0,1,1,1,0,0,0,1,1,0,0,0,1,1,1
"edu.ucar.cisl::cesm2-le-aws",37,1,1,1,1,1,1,1,1,1,1,1,1,1,1,1,0,0,0,0,0,1,0,1,1,1,0,1,1,0,1,1,1,1,1,0,0,0,1,1,1,1,0,0,1,1,0,0,0,1,1,0,0,0,1,1,1
"edu.ucar.cisl::dart-cam6-aws",38,1,1,1,1,1,1,1,1,1,1,1,1,1,1,1,0,0,0,0,0,1,0,1,1,1,0,1,1,0,1,1,1,1,1,0,0,0,1,1,1,1,0,0,1,1,0,1,0,1,1,0,0,0,1,1,1
"edu.ucar.cisl::na-cordex-aws",38,1,1,1,1,1,1,1,1,1,1,1,1,1,1,1,0,0,0,0,0,1,0,1,1,1,0,1,1,0,1,1,1,1,1,0,0,0,1,1,1,1,0,1,1,1,0,0,0,1,1,0,0,0,1,1,1
"fb436df8-7218-49e9-adc8-bf973f8ae30d",30,1,1,1,1,1,1,1,1,1,1,1,1,1,1,1,0,0,0,0,0,1,0,1,0,1,0,0,0,1,0,0,0,0,0,0,0,0,1,1,1,1,1,1,1,0,0,0,0,0,0,1,1,0,1,1,1
"edu.ucar.cisl::cloud-collection",25,1,1,1,1,1,1,1,1,1,1,1,1,1,1,1,0,0,0,0,0,1,0,1,0,0,0,0,0,1,1,1,0,0,0,0,0,0,0,0,0,0,0,0,1,1,0,0,0,0,0,0,0,0,1,1,1
